"created_at","duration","id","iid","name","ref","short_name","status"
"2022-07-28T15:19:49.284Z",187.531212,599475572,29052,"plugin:ci-vscoq","pr-16083","vscoq","success"
"2022-07-28T15:19:49.265Z",182.068113,599475572,29052,"plugin:ci-rewriter","pr-16083","rewriter","failed"
"2022-07-28T15:19:49.253Z",161.484235,599475572,29052,"plugin:ci-relation_algebra","pr-16083","relation_algebra","failed"
"2022-07-28T15:19:49.240Z",175.01669,599475572,29052,"plugin:ci-reduction_effects","pr-16083","reduction_effects","success"
"2022-07-28T15:19:49.211Z",342.759126,599475572,29052,"plugin:plugin-tutorial","pr-16083","plugin_tutorial","success"
"2022-07-28T15:19:49.196Z",598.371373472,599475572,29052,"plugin:ci-perennial","pr-16083","perennial","running"
"2022-07-28T15:19:49.186Z",179.350435,599475572,29052,"plugin:ci-paramcoq","pr-16083","paramcoq","success"
"2022-07-28T15:19:49.173Z",308.855658,599475572,29052,"plugin:ci-mtac2","pr-16083","mtac2","success"
"2022-07-28T15:19:49.152Z",225.855122,599475572,29052,"plugin:ci-lean_importer","pr-16083","lean_importer","success"
"2022-07-28T15:19:49.139Z",176.744285,599475572,29052,"plugin:ci-fiat_parsers","pr-16083","fiat_parsers","failed"
"2022-07-28T15:19:49.114Z",164.415018,599475572,29052,"plugin:ci-equations","pr-16083","equations","failed"
"2022-07-28T15:19:49.098Z",625.03734,599475572,29052,"plugin:ci-elpi","pr-16083","elpi","success"
"2022-07-28T15:19:49.081Z",205.651839,599475572,29052,"plugin:ci-coqhammer","pr-16083","coqhammer","success"
"2022-07-28T15:19:49.065Z",177.732755,599475572,29052,"plugin:ci-coq_dpdgraph","pr-16083","coq_dpdgraph","failed"
"2022-07-28T15:19:49.054Z",305.32098,599475572,29052,"plugin:ci-bignums","pr-16083","bignums","success"
"2022-07-28T15:19:49.042Z",306.575779,599475572,29052,"plugin:ci-itauto","pr-16083","itauto","success"
"2022-07-28T15:19:49.033Z",186.060424,599475572,29052,"plugin:ci-aac_tactics","pr-16083","aac_tactics","success"
"2022-07-28T15:19:48.983Z",234.751692494,599475572,29052,"library:ci-vst","pr-16083","vst","running"
"2022-07-28T15:19:48.973Z",598.999383453,599475572,29052,"library:ci-verdi_raft","pr-16083","verdi_raft","running"
"2022-07-28T15:19:48.963Z",599.06438168,599475572,29052,"library:ci-unimath","pr-16083","unimath","running"
"2022-07-28T15:19:48.952Z",252.563022,599475572,29052,"library:ci-tlc","pr-16083","tlc","success"
"2022-07-28T15:19:48.940Z",191.280691,599475572,29052,"library:ci-stdlib2","pr-16083","stdlib2","success"
"2022-07-28T15:19:48.931Z",453.369353,599475572,29052,"library:ci-sf","pr-16083","sf","success"
"2022-07-28T15:19:48.922Z",245.50617,599475572,29052,"library:ci-paco","pr-16083","paco","success"
"2022-07-28T15:19:48.913Z",87.425715318,599475572,29052,"library:ci-analysis","pr-16083","analysis","running"
"2022-07-28T15:19:48.904Z",189.501362,599475572,29052,"library:ci-bigenough","pr-16083","bigenough","success"
"2022-07-28T15:19:48.894Z",194.435486,599475572,29052,"library:ci-finmap","pr-16083","finmap","success"
"2022-07-28T15:19:48.883Z",1079.097791,599475572,29052,"library:ci-mathcomp_base","pr-16083","mathcomp_base","success"
"2022-07-28T15:19:48.854Z",599.272621044,599475572,29052,"library:ci-mathcomp","pr-16083","mathcomp","running"
"2022-07-28T15:19:48.841Z",291.529132648,599475572,29052,"library:ci-math_classes","pr-16083","math_classes","running"
"2022-07-28T15:19:48.832Z",403.687010631,599475572,29052,"library:ci-iris","pr-16083","iris","running"
"2022-07-28T15:19:48.824Z",677.246455,599475572,29052,"library:ci-hott","pr-16083","hott","success"
"2022-07-28T15:19:48.777Z",263.906128,599475572,29052,"library:ci-menhir","pr-16083","menhir","success"
"2022-07-28T15:19:48.768Z",363.355241,599475572,29052,"library:ci-flocq","pr-16083","flocq","success"
"2022-07-28T15:19:48.749Z",599.541047379,599475572,29052,"library:ci-fiat_crypto_legacy","pr-16083","fiat_crypto_legacy","running"
"2022-07-28T15:19:48.720Z",833.586763,599475572,29052,"library:ci-engine_bench","pr-16083","engine_bench","success"
"2022-07-28T15:19:48.711Z",973.152105,599475572,29052,"library:ci-cross_crypto","pr-16083","cross_crypto","success"
"2022-07-28T15:19:48.692Z",173.50232,599475572,29052,"library:ci-coqtail","pr-16083","coqtail","success"
"2022-07-28T15:19:48.682Z",291.769035543,599475572,29052,"library:ci-coqprime","pr-16083","coqprime","running"
"2022-07-28T15:19:48.673Z",839.298999,599475572,29052,"library:ci-coq_tools","pr-16083","coq_tools","success"
"2022-07-28T15:19:48.664Z",1233.183513,599475572,29052,"library:ci-coq_performance_tests","pr-16083","coq_performance_tests","success"
"2022-07-28T15:19:48.654Z",235.357682648,599475572,29052,"library:ci-compcert","pr-16083","compcert","running"
"2022-07-28T15:19:48.643Z",291.881164127,599475572,29052,"library:ci-color","pr-16083","color","running"
"2022-07-28T15:19:48.618Z",599.855781866,599475572,29052,"library:ci-bedrock2","pr-16083","bedrock2","running"
"2022-07-28T15:19:48.603Z",203.181627,599475572,29052,"library:ci-bbv","pr-16083","bbv","success"
"2022-07-28T15:19:48.594Z",193.945114,599475572,29052,"library:ci-autosubst","pr-16083","autosubst","success"
"2022-07-28T15:19:48.581Z",230.513854,599475572,29052,"library:ci-argosy","pr-16083","argosy","success"
"2022-07-28T15:19:48.565Z",148.436771,599475572,29052,"validate:vio","pr-16083",,"success"
"2022-07-28T15:19:48.549Z",288.838452,599475572,29052,"validate:edge+flambda","pr-16083",,"success"
"2022-07-28T15:19:48.535Z",285.11513,599475572,29052,"validate:base+32bit","pr-16083",,"success"
"2022-07-28T15:19:48.525Z",287.385626,599475572,29052,"validate:base","pr-16083",,"success"
"2022-07-28T15:19:48.515Z",1363.392031808,599475572,29052,"test-suite:base+async","pr-16083",,"running"
"2022-07-28T15:19:48.506Z",1317.255681337,599475572,29052,"test-suite:edge:dev","pr-16083",,"running"
"2022-07-28T15:19:48.496Z",599.808913652,599475572,29052,"test-suite:edge+flambda","pr-16083",,"running"
"2022-07-28T15:19:48.487Z",1452.922987259,599475572,29052,"test-suite:base+32bit","pr-16083",,"running"
"2022-07-28T15:19:48.473Z",1363.487873615,599475572,29052,"test-suite:base","pr-16083",,"running"
"2022-07-28T15:19:48.461Z",253.043976,599475572,29052,"doc:ml-api:odoc","pr-16083",,"success"
"2022-07-28T15:19:48.450Z",878.003705,599475572,29052,"doc:stdlib","pr-16083",,"success"
"2022-07-28T15:19:48.425Z",1140.412014,599475572,29052,"doc:refman-pdf","pr-16083",,"success"
"2022-07-28T15:19:48.409Z",1272.872611,599475572,29052,"doc:refman","pr-16083",,"success"
"2022-07-28T15:19:48.400Z",1329.93016,599475572,29052,"pkg:nix","pr-16083",,"success"
"2022-07-28T15:19:48.392Z",2015.691869,599475572,29052,"pkg:opam:native","pr-16083",,"success"
"2022-07-28T15:19:48.384Z",1827.716795,599475572,29052,"pkg:opam","pr-16083",,"success"
"2022-07-28T15:19:48.376Z",312.717619,599475572,29052,"lint","pr-16083",,"success"
"2022-07-28T15:19:48.368Z",1706.403147,599475572,29052,"build:vio","pr-16083",,"success"
"2022-07-28T15:19:48.360Z",2467.665290093,599475572,29052,"build:base+async","pr-16083",,"running"
"2022-07-28T15:19:48.352Z",1149.235729,599475572,29052,"build:edge+flambda:dev","pr-16083",,"success"
"2022-07-28T15:19:48.343Z",1865.651737,599475572,29052,"build:edge+flambda","pr-16083",,"success"
"2022-07-28T15:19:48.335Z",1014.228289,599475572,29052,"build:base+32bit","pr-16083",,"success"
"2022-07-28T15:19:48.324Z",1103.449091,599475572,29052,"build:base","pr-16083",,"success"
"2022-07-28T15:18:59.526Z",165.122702,599474848,29051,"plugin:plugin-tutorial","pr-16117","plugin_tutorial","failed"
"2022-07-28T15:18:57.862Z",145.847847,599474848,29051,"validate:vio","pr-16117",,"success"
"2022-07-28T15:18:57.620Z",191.436457,599474848,29051,"pkg:nix","pr-16117",,"failed"
"2022-07-28T15:18:57.611Z",1256.667669,599474848,29051,"pkg:opam:native","pr-16117",,"failed"
"2022-07-28T15:18:57.603Z",1146.44681,599474848,29051,"pkg:opam","pr-16117",,"failed"
"2022-07-28T15:18:57.594Z",318.827568,599474848,29051,"lint","pr-16117",,"success"
"2022-07-28T15:18:57.585Z",164.982004,599474848,29051,"build:vio","pr-16117",,"failed"
"2022-07-28T15:18:57.574Z",170.401649,599474848,29051,"build:base+async","pr-16117",,"failed"
"2022-07-28T15:18:57.560Z",174.48198,599474848,29051,"build:edge+flambda:dev","pr-16117",,"failed"
"2022-07-28T15:18:57.542Z",157.398071,599474848,29051,"build:edge+flambda","pr-16117",,"failed"
"2022-07-28T15:18:57.528Z",160.655343,599474848,29051,"build:base+32bit","pr-16117",,"failed"
"2022-07-28T15:18:57.512Z",163.810111,599474848,29051,"build:base","pr-16117",,"failed"
"2022-07-28T15:16:08.318Z",184.519628,599472482,29050,"plugin:ci-vscoq","pr-16116","vscoq","success"
"2022-07-28T15:16:08.309Z",808.026413513,599472482,29050,"plugin:ci-rewriter","pr-16116","rewriter","running"
"2022-07-28T15:16:08.299Z",343.495548,599472482,29050,"plugin:ci-relation_algebra","pr-16116","relation_algebra","success"
"2022-07-28T15:16:08.289Z",181.410612,599472482,29050,"plugin:ci-reduction_effects","pr-16116","reduction_effects","success"
"2022-07-28T15:16:08.270Z",340.435708,599472482,29050,"plugin:plugin-tutorial","pr-16116","plugin_tutorial","success"
"2022-07-28T15:16:08.260Z",808.111266481,599472482,29050,"plugin:ci-perennial","pr-16116","perennial","running"
"2022-07-28T15:16:08.250Z",193.689403,599472482,29050,"plugin:ci-paramcoq","pr-16116","paramcoq","success"
"2022-07-28T15:16:08.238Z",299.75594,599472482,29050,"plugin:ci-mtac2","pr-16116","mtac2","success"
"2022-07-28T15:16:08.216Z",231.296868,599472482,29050,"plugin:ci-lean_importer","pr-16116","lean_importer","success"
"2022-07-28T15:16:08.205Z",1048.309681,599472482,29050,"plugin:ci-fiat_parsers","pr-16116","fiat_parsers","success"
"2022-07-28T15:16:08.194Z",180.122874,599472482,29050,"plugin:ci-equations","pr-16116","equations","failed"
"2022-07-28T15:16:08.184Z",620.810805,599472482,29050,"plugin:ci-elpi","pr-16116","elpi","success"
"2022-07-28T15:16:08.174Z",193.541319,599472482,29050,"plugin:ci-coqhammer","pr-16116","coqhammer","success"
"2022-07-28T15:16:08.162Z",173.704706,599472482,29050,"plugin:ci-coq_dpdgraph","pr-16116","coq_dpdgraph","success"
"2022-07-28T15:16:08.151Z",290.379255,599472482,29050,"plugin:ci-bignums","pr-16116","bignums","success"
"2022-07-28T15:16:08.140Z",325.463099,599472482,29050,"plugin:ci-itauto","pr-16116","itauto","success"
"2022-07-28T15:16:08.130Z",193.283036,599472482,29050,"plugin:ci-aac_tactics","pr-16116","aac_tactics","success"
"2022-07-28T15:16:08.084Z",439.409971333,599472482,29050,"library:ci-vst","pr-16116","vst","running"
"2022-07-28T15:16:08.072Z",808.426976517,599472482,29050,"library:ci-verdi_raft","pr-16116","verdi_raft","running"
"2022-07-28T15:16:08.062Z",808.52268947,599472482,29050,"library:ci-unimath","pr-16116","unimath","running"
"2022-07-28T15:16:08.052Z",263.702394,599472482,29050,"library:ci-tlc","pr-16116","tlc","success"
"2022-07-28T15:16:08.043Z",186.589928,599472482,29050,"library:ci-stdlib2","pr-16116","stdlib2","success"
"2022-07-28T15:16:08.033Z",502.810172,599472482,29050,"library:ci-sf","pr-16116","sf","success"
"2022-07-28T15:16:08.022Z",251.091766,599472482,29050,"library:ci-paco","pr-16116","paco","success"
"2022-07-28T15:16:08.011Z",290.236054095,599472482,29050,"library:ci-analysis","pr-16116","analysis","running"
"2022-07-28T15:16:07.991Z",174.692065,599472482,29050,"library:ci-bigenough","pr-16116","bigenough","success"
"2022-07-28T15:16:07.980Z",213.746629,599472482,29050,"library:ci-finmap","pr-16116","finmap","success"
"2022-07-28T15:16:07.964Z",1090.054421,599472482,29050,"library:ci-mathcomp_base","pr-16116","mathcomp_base","success"
"2022-07-28T15:16:07.938Z",808.944566717,599472482,29050,"library:ci-mathcomp","pr-16116","mathcomp","running"
"2022-07-28T15:16:07.927Z",497.044117,599472482,29050,"library:ci-math_classes","pr-16116","math_classes","success"
"2022-07-28T15:16:07.906Z",629.937685571,599472482,29050,"library:ci-iris","pr-16116","iris","running"
"2022-07-28T15:16:07.888Z",644.339127,599472482,29050,"library:ci-hott","pr-16116","hott","success"
"2022-07-28T15:16:07.862Z",17.366311344,599472482,29050,"library:ci-corn","pr-16116","corn","running"
"2022-07-28T15:16:07.813Z",266.479011,599472482,29050,"library:ci-menhir","pr-16116","menhir","success"
"2022-07-28T15:16:07.803Z",369.186845,599472482,29050,"library:ci-flocq","pr-16116","flocq","success"
"2022-07-28T15:16:07.772Z",809.279755426,599472482,29050,"library:ci-fiat_crypto_legacy","pr-16116","fiat_crypto_legacy","running"
"2022-07-28T15:16:07.721Z",796.140664,599472482,29050,"library:ci-engine_bench","pr-16116","engine_bench","success"
"2022-07-28T15:16:07.701Z",1010.760956,599472482,29050,"library:ci-cross_crypto","pr-16116","cross_crypto","success"
"2022-07-28T15:16:07.682Z",187.664057,599472482,29050,"library:ci-coqtail","pr-16116","coqtail","success"
"2022-07-28T15:16:07.673Z",318.842168,599472482,29050,"library:ci-coqprime","pr-16116","coqprime","success"
"2022-07-28T15:16:07.662Z",834.359897,599472482,29050,"library:ci-coq_tools","pr-16116","coq_tools","success"
"2022-07-28T15:16:07.649Z",1256.957097,599472482,29050,"library:ci-coq_performance_tests","pr-16116","coq_performance_tests","success"
"2022-07-28T15:16:07.631Z",439.871664284,599472482,29050,"library:ci-compcert","pr-16116","compcert","running"
"2022-07-28T15:16:07.605Z",517.835399883,599472482,29050,"library:ci-color","pr-16116","color","running"
"2022-07-28T15:16:07.521Z",259.81779,599472482,29050,"library:ci-bedrock2","pr-16116","bedrock2","failed"
"2022-07-28T15:16:07.509Z",201.14003,599472482,29050,"library:ci-bbv","pr-16116","bbv","success"
"2022-07-28T15:16:07.400Z",179.249422,599472482,29050,"library:ci-autosubst","pr-16116","autosubst","success"
"2022-07-28T15:16:07.375Z",235.760799,599472482,29050,"library:ci-argosy","pr-16116","argosy","success"
"2022-07-28T15:16:07.362Z",147.622955,599472482,29050,"validate:vio","pr-16116",,"success"
"2022-07-28T15:16:07.347Z",285.433953,599472482,29050,"validate:edge+flambda","pr-16116",,"success"
"2022-07-28T15:16:07.326Z",286.974957,599472482,29050,"validate:base+32bit","pr-16116",,"success"
"2022-07-28T15:16:07.308Z",297.515367,599472482,29050,"validate:base","pr-16116",,"success"
"2022-07-28T15:16:07.293Z",1597.818137953,599472482,29050,"test-suite:base+async","pr-16116",,"running"
"2022-07-28T15:16:07.268Z",1428.511576419,599472482,29050,"test-suite:edge:dev","pr-16116",,"running"
"2022-07-28T15:16:07.244Z",810.959863166,599472482,29050,"test-suite:edge+flambda","pr-16116",,"running"
"2022-07-28T15:16:07.228Z",1716.695374024,599472482,29050,"test-suite:base+32bit","pr-16116",,"running"
"2022-07-28T15:16:07.203Z",1598.110165584,599472482,29050,"test-suite:base","pr-16116",,"running"
"2022-07-28T15:16:07.188Z",249.680141,599472482,29050,"doc:ml-api:odoc","pr-16116",,"success"
"2022-07-28T15:16:07.142Z",902.329001,599472482,29050,"doc:stdlib","pr-16116",,"success"
"2022-07-28T15:16:07.128Z",1135.549933,599472482,29050,"doc:refman-pdf","pr-16116",,"success"
"2022-07-28T15:16:07.115Z",1057.680555,599472482,29050,"doc:refman","pr-16116",,"success"
"2022-07-28T15:16:07.106Z",1313.910493,599472482,29050,"pkg:nix","pr-16116",,"success"
"2022-07-28T15:16:07.095Z",2073.146786,599472482,29050,"pkg:opam:native","pr-16116",,"success"
"2022-07-28T15:16:07.080Z",1837.445731,599472482,29050,"pkg:opam","pr-16116",,"success"
"2022-07-28T15:16:07.060Z",299.330313,599472482,29050,"lint","pr-16116",,"success"
"2022-07-28T15:16:07.042Z",1642.069357,599472482,29050,"build:vio","pr-16116",,"success"
"2022-07-28T15:16:07.029Z",2690.812325956,599472482,29050,"build:base+async","pr-16116",,"running"
"2022-07-28T15:16:07.015Z",1261.578451,599472482,29050,"build:edge+flambda:dev","pr-16116",,"success"
"2022-07-28T15:16:07.000Z",1879.267501,599472482,29050,"build:edge+flambda","pr-16116",,"success"
"2022-07-28T15:16:06.981Z",973.501375,599472482,29050,"build:base+32bit","pr-16116",,"success"
"2022-07-28T15:16:06.886Z",1092.680856,599472482,29050,"build:base","pr-16116",,"success"
"2022-07-28T15:12:15.732Z",189.869675,599467389,29049,"plugin:ci-vscoq","pr-16311","vscoq","success"
"2022-07-28T15:12:15.723Z",855.107665,599467389,29049,"plugin:ci-rewriter","pr-16311","rewriter","success"
"2022-07-28T15:12:15.714Z",355.764018,599467389,29049,"plugin:ci-relation_algebra","pr-16311","relation_algebra","success"
"2022-07-28T15:12:15.704Z",176.481833,599467389,29049,"plugin:ci-reduction_effects","pr-16311","reduction_effects","success"
"2022-07-28T15:12:15.686Z",380.906664,599467389,29049,"plugin:plugin-tutorial","pr-16311","plugin_tutorial","success"
"2022-07-28T15:12:15.675Z",1063.129560745,599467389,29049,"plugin:ci-perennial","pr-16311","perennial","running"
"2022-07-28T15:12:15.666Z",192.968627,599467389,29049,"plugin:ci-paramcoq","pr-16311","paramcoq","success"
"2022-07-28T15:12:15.657Z",286.309694,599467389,29049,"plugin:ci-mtac2","pr-16311","mtac2","success"
"2022-07-28T15:12:15.647Z",1442.977987611,599467389,29049,"plugin:ci-metacoq","pr-16311","metacoq","running"
"2022-07-28T15:12:15.638Z",233.452475,599467389,29049,"plugin:ci-lean_importer","pr-16311","lean_importer","success"
"2022-07-28T15:12:15.627Z",995.128146,599467389,29049,"plugin:ci-fiat_parsers","pr-16311","fiat_parsers","success"
"2022-07-28T15:12:15.617Z",399.843157,599467389,29049,"plugin:ci-equations","pr-16311","equations","success"
"2022-07-28T15:12:15.599Z",634.860386,599467389,29049,"plugin:ci-elpi","pr-16311","elpi","success"
"2022-07-28T15:12:15.584Z",193.651343,599467389,29049,"plugin:ci-coqhammer","pr-16311","coqhammer","success"
"2022-07-28T15:12:15.572Z",180.948174,599467389,29049,"plugin:ci-coq_dpdgraph","pr-16311","coq_dpdgraph","success"
"2022-07-28T15:12:15.558Z",291.377404,599467389,29049,"plugin:ci-bignums","pr-16311","bignums","success"
"2022-07-28T15:12:15.545Z",328.33391,599467389,29049,"plugin:ci-itauto","pr-16311","itauto","success"
"2022-07-28T15:12:15.533Z",181.155161,599467389,29049,"plugin:ci-aac_tactics","pr-16311","aac_tactics","success"
"2022-07-28T15:12:15.486Z",699.512636403,599467389,29049,"library:ci-vst","pr-16311","vst","running"
"2022-07-28T15:12:15.476Z",1063.440378743,599467389,29049,"library:ci-verdi_raft","pr-16311","verdi_raft","running"
"2022-07-28T15:12:15.465Z",1063.491439892,599467389,29049,"library:ci-unimath","pr-16311","unimath","running"
"2022-07-28T15:12:15.456Z",257.249904,599467389,29049,"library:ci-tlc","pr-16311","tlc","success"
"2022-07-28T15:12:15.445Z",198.198025,599467389,29049,"library:ci-stdlib2","pr-16311","stdlib2","success"
"2022-07-28T15:12:15.434Z",559.450438,599467389,29049,"library:ci-sf","pr-16311","sf","success"
"2022-07-28T15:12:15.422Z",234.457241,599467389,29049,"library:ci-paco","pr-16311","paco","success"
"2022-07-28T15:12:15.409Z",591.333789994,599467389,29049,"library:ci-analysis","pr-16311","analysis","running"
"2022-07-28T15:12:15.399Z",188.680822,599467389,29049,"library:ci-bigenough","pr-16311","bigenough","success"
"2022-07-28T15:12:15.386Z",202.205945,599467389,29049,"library:ci-finmap","pr-16311","finmap","success"
"2022-07-28T15:12:15.374Z",1053.713917,599467389,29049,"library:ci-mathcomp_base","pr-16311","mathcomp_base","success"
"2022-07-28T15:12:15.349Z",1063.650118547,599467389,29049,"library:ci-mathcomp","pr-16311","mathcomp","running"
"2022-07-28T15:12:15.336Z",501.91679,599467389,29049,"library:ci-math_classes","pr-16311","math_classes","success"
"2022-07-28T15:12:15.324Z",880.207306784,599467389,29049,"library:ci-iris","pr-16311","iris","running"
"2022-07-28T15:12:15.312Z",678.481902,599467389,29049,"library:ci-hott","pr-16311","hott","success"
"2022-07-28T15:12:15.287Z",266.67590168,599467389,29049,"library:ci-corn","pr-16311","corn","running"
"2022-07-28T15:12:15.250Z",244.844245,599467389,29049,"library:ci-menhir","pr-16311","menhir","success"
"2022-07-28T15:12:15.239Z",362.902959,599467389,29049,"library:ci-flocq","pr-16311","flocq","success"
"2022-07-28T15:12:15.219Z",1063.859666922,599467389,29049,"library:ci-fiat_crypto_legacy","pr-16311","fiat_crypto_legacy","running"
"2022-07-28T15:12:15.209Z",208.251548201,599467389,29049,"library:ci-fiat_crypto","pr-16311","fiat_crypto","running"
"2022-07-28T15:12:15.188Z",699.352365,599467389,29049,"library:ci-engine_bench","pr-16311","engine_bench","success"
"2022-07-28T15:12:15.175Z",1022.269329,599467389,29049,"library:ci-cross_crypto","pr-16311","cross_crypto","success"
"2022-07-28T15:12:15.152Z",1850.626367554,599467389,29049,"library:ci-coqtail","pr-16311","coqtail","running"
"2022-07-28T15:12:15.139Z",310.306174,599467389,29049,"library:ci-coqprime","pr-16311","coqprime","success"
"2022-07-28T15:12:15.126Z",832.684465,599467389,29049,"library:ci-coq_tools","pr-16311","coq_tools","success"
"2022-07-28T15:12:15.114Z",1225.929542,599467389,29049,"library:ci-coq_performance_tests","pr-16311","coq_performance_tests","success"
"2022-07-28T15:12:15.102Z",700.325410837,599467389,29049,"library:ci-compcert","pr-16311","compcert","running"
"2022-07-28T15:12:15.088Z",771.821738786,599467389,29049,"library:ci-color","pr-16311","color","running"
"2022-07-28T15:12:15.071Z",1443.930011905,599467389,29049,"library:ci-category_theory","pr-16311","category_theory","running"
"2022-07-28T15:12:15.056Z",1064.196635714,599467389,29049,"library:ci-bedrock2","pr-16311","bedrock2","running"
"2022-07-28T15:12:15.039Z",191.612341,599467389,29049,"library:ci-bbv","pr-16311","bbv","success"
"2022-07-28T15:12:15.022Z",182.763973,599467389,29049,"library:ci-autosubst","pr-16311","autosubst","success"
"2022-07-28T15:12:15.001Z",224.39695,599467389,29049,"library:ci-argosy","pr-16311","argosy","success"
"2022-07-28T15:12:14.983Z",150.695633,599467389,29049,"validate:vio","pr-16311",,"success"
"2022-07-28T15:12:14.970Z",278.492804,599467389,29049,"validate:edge+flambda","pr-16311",,"success"
"2022-07-28T15:12:14.954Z",280.68209,599467389,29049,"validate:base+32bit","pr-16311",,"success"
"2022-07-28T15:12:14.937Z",295.135778,599467389,29049,"validate:base","pr-16311",,"success"
"2022-07-28T15:12:14.924Z",1851.035893916,599467389,29049,"test-suite:base+async","pr-16311",,"running"
"2022-07-28T15:12:14.912Z",1760.959895795,599467389,29049,"test-suite:edge:dev","pr-16311",,"running"
"2022-07-28T15:12:14.897Z",1064.466626783,599467389,29049,"test-suite:edge+flambda","pr-16311",,"running"
"2022-07-28T15:12:14.885Z",1874.388327,599467389,29049,"test-suite:base+32bit","pr-16311",,"success"
"2022-07-28T15:12:14.864Z",1851.70878513,599467389,29049,"test-suite:base","pr-16311",,"running"
"2022-07-28T15:12:14.852Z",239.537708,599467389,29049,"doc:ml-api:odoc","pr-16311",,"success"
"2022-07-28T15:12:14.842Z",877.175042,599467389,29049,"doc:stdlib","pr-16311",,"success"
"2022-07-28T15:12:14.826Z",1288.678348,599467389,29049,"doc:refman-pdf","pr-16311",,"success"
"2022-07-28T15:12:14.812Z",1003.446166,599467389,29049,"doc:refman","pr-16311",,"success"
"2022-07-28T15:12:14.727Z",1243.354359,599467389,29049,"pkg:nix","pr-16311",,"success"
"2022-07-28T15:12:14.711Z",1973.235089,599467389,29049,"pkg:opam:native","pr-16311",,"success"
"2022-07-28T15:12:14.689Z",1906.984458,599467389,29049,"pkg:opam","pr-16311",,"success"
"2022-07-28T15:12:14.674Z",385.195101,599467389,29049,"lint","pr-16311",,"success"
"2022-07-28T15:12:14.663Z",1711.03199,599467389,29049,"build:vio","pr-16311",,"success"
"2022-07-28T15:12:14.653Z",2926.694352651,599467389,29049,"build:base+async","pr-16311",,"running"
"2022-07-28T15:12:14.643Z",1163.148357,599467389,29049,"build:edge+flambda:dev","pr-16311",,"success"
"2022-07-28T15:12:14.632Z",1858.409435,599467389,29049,"build:edge+flambda","pr-16311",,"success"
"2022-07-28T15:12:14.622Z",960.153081,599467389,29049,"build:base+32bit","pr-16311",,"success"
"2022-07-28T15:12:14.613Z",1074.136771,599467389,29049,"build:base","pr-16311",,"success"
"2022-07-28T12:49:38.719Z",179.883778,599278677,29048,"plugin:ci-vscoq","pr-16203","vscoq","success"
"2022-07-28T12:49:38.708Z",812.141625,599278677,29048,"plugin:ci-rewriter","pr-16203","rewriter","success"
"2022-07-28T12:49:38.696Z",343.593734,599278677,29048,"plugin:ci-relation_algebra","pr-16203","relation_algebra","success"
"2022-07-28T12:49:38.686Z",177.299199,599278677,29048,"plugin:ci-reduction_effects","pr-16203","reduction_effects","success"
"2022-07-28T12:49:38.675Z",579.48691,599278677,29048,"plugin:ci-quickchick","pr-16203","quickchick","success"
"2022-07-28T12:49:38.665Z",362.83346,599278677,29048,"plugin:plugin-tutorial","pr-16203","plugin_tutorial","success"
"2022-07-28T12:49:38.654Z",2452.369318,599278677,29048,"plugin:ci-perennial","pr-16203","perennial","success"
"2022-07-28T12:49:38.643Z",183.636923,599278677,29048,"plugin:ci-paramcoq","pr-16203","paramcoq","success"
"2022-07-28T12:49:38.632Z",321.990194,599278677,29048,"plugin:ci-mtac2","pr-16203","mtac2","success"
"2022-07-28T12:49:38.611Z",218.442097,599278677,29048,"plugin:ci-lean_importer","pr-16203","lean_importer","success"
"2022-07-28T12:49:38.601Z",1004.990981,599278677,29048,"plugin:ci-fiat_parsers","pr-16203","fiat_parsers","success"
"2022-07-28T12:49:38.591Z",176.67817,599278677,29048,"plugin:ci-equations","pr-16203","equations","failed"
"2022-07-28T12:49:38.581Z",612.402921,599278677,29048,"plugin:ci-elpi","pr-16203","elpi","success"
"2022-07-28T12:49:38.570Z",197.19075,599278677,29048,"plugin:ci-coqhammer","pr-16203","coqhammer","success"
"2022-07-28T12:49:38.558Z",176.628469,599278677,29048,"plugin:ci-coq_dpdgraph","pr-16203","coq_dpdgraph","success"
"2022-07-28T12:49:38.547Z",290.539959,599278677,29048,"plugin:ci-bignums","pr-16203","bignums","success"
"2022-07-28T12:49:38.526Z",325.368394,599278677,29048,"plugin:ci-itauto","pr-16203","itauto","success"
"2022-07-28T12:49:38.502Z",192.649388,599278677,29048,"plugin:ci-aac_tactics","pr-16203","aac_tactics","success"
"2022-07-28T12:49:38.488Z",953.997091,599278677,29048,"library:ci-jasmin","pr-16203","jasmin","success"
"2022-07-28T12:49:38.463Z",246.96764,599278677,29048,"library:ci-mathcomp_word","pr-16203","mathcomp_word","success"
"2022-07-28T12:49:38.432Z",273.595555,599278677,29048,"library:ci-deriving","pr-16203","deriving","success"
"2022-07-28T12:49:38.414Z",4278.096344,599278677,29048,"library:ci-vst","pr-16203","vst","success"
"2022-07-28T12:49:38.402Z",1696.643179,599278677,29048,"library:ci-verdi_raft","pr-16203","verdi_raft","success"
"2022-07-28T12:49:38.389Z",7886.613836,599278677,29048,"library:ci-unimath","pr-16203","unimath","success"
"2022-07-28T12:49:38.378Z",262.260835,599278677,29048,"library:ci-tlc","pr-16203","tlc","success"
"2022-07-28T12:49:38.368Z",197.015304,599278677,29048,"library:ci-stdlib2","pr-16203","stdlib2","success"
"2022-07-28T12:49:38.358Z",507.085963,599278677,29048,"library:ci-sf","pr-16203","sf","success"
"2022-07-28T12:49:38.347Z",232.012173,599278677,29048,"library:ci-paco","pr-16203","paco","success"
"2022-07-28T12:49:38.337Z",973.168533,599278677,29048,"library:ci-analysis","pr-16203","analysis","success"
"2022-07-28T12:49:38.326Z",191.322676,599278677,29048,"library:ci-bigenough","pr-16203","bigenough","success"
"2022-07-28T12:49:38.314Z",208.203726,599278677,29048,"library:ci-finmap","pr-16203","finmap","success"
"2022-07-28T12:49:38.304Z",1085.523256,599278677,29048,"library:ci-mathcomp_base","pr-16203","mathcomp_base","success"
"2022-07-28T12:49:38.294Z",243.259227,599278677,29048,"library:ci-mczify","pr-16203","mczify","success"
"2022-07-28T12:49:38.283Z",1055.385954,599278677,29048,"library:ci-mathcomp","pr-16203","mathcomp","success"
"2022-07-28T12:49:38.273Z",512.661049,599278677,29048,"library:ci-math_classes","pr-16203","math_classes","success"
"2022-07-28T12:49:38.263Z",2282.03158,599278677,29048,"library:ci-iris","pr-16203","iris","success"
"2022-07-28T12:49:38.253Z",644.182905,599278677,29048,"library:ci-hott","pr-16203","hott","success"
"2022-07-28T12:49:38.243Z",2071.087505,599278677,29048,"library:ci-geocoq","pr-16203","geocoq","success"
"2022-07-28T12:49:38.233Z",1780.39327,599278677,29048,"library:ci-corn","pr-16203","corn","success"
"2022-07-28T12:49:38.223Z",2901.546104,599278677,29048,"library:ci-fourcolor","pr-16203","fourcolor","success"
"2022-07-28T12:49:38.213Z",1439.602758,599278677,29048,"library:ci-oddorder","pr-16203","oddorder","success"
"2022-07-28T12:49:38.203Z",252.74056,599278677,29048,"library:ci-menhir","pr-16203","menhir","success"
"2022-07-28T12:49:38.193Z",358.926388,599278677,29048,"library:ci-flocq","pr-16203","flocq","success"
"2022-07-28T12:49:38.172Z",4330.858697,599278677,29048,"library:ci-fiat_crypto_legacy","pr-16203","fiat_crypto_legacy","success"
"2022-07-28T12:49:38.160Z",8854.988530945,599278677,29048,"library:ci-fiat_crypto","pr-16203","fiat_crypto","running"
"2022-07-28T12:49:38.146Z",294.535449,599278677,29048,"library:ci-fcsl_pcm","pr-16203","fcsl_pcm","success"
"2022-07-28T12:49:38.134Z",869.07658,599278677,29048,"library:ci-engine_bench","pr-16203","engine_bench","success"
"2022-07-28T12:49:38.124Z",1098.738484,599278677,29048,"library:ci-cross_crypto","pr-16203","cross_crypto","success"
"2022-07-28T12:49:38.114Z",328.550947,599278677,29048,"library:ci-coquelicot","pr-16203","coquelicot","success"
"2022-07-28T12:49:38.105Z",172.636619,599278677,29048,"library:ci-coqtail","pr-16203","coqtail","success"
"2022-07-28T12:49:38.094Z",306.937625,599278677,29048,"library:ci-coqprime","pr-16203","coqprime","success"
"2022-07-28T12:49:38.082Z",826.161247,599278677,29048,"library:ci-coq_tools","pr-16203","coq_tools","success"
"2022-07-28T12:49:38.072Z",1253.686634,599278677,29048,"library:ci-coq_performance_tests","pr-16203","coq_performance_tests","success"
"2022-07-28T12:49:38.060Z",1071.356241,599278677,29048,"library:ci-compcert","pr-16203","compcert","success"
"2022-07-28T12:49:38.046Z",1214.317823,599278677,29048,"library:ci-color","pr-16203","color","success"
"2022-07-28T12:49:38.016Z",4989.591009,599278677,29048,"library:ci-bedrock2","pr-16203","bedrock2","success"
"2022-07-28T12:49:38.002Z",193.710736,599278677,29048,"library:ci-bbv","pr-16203","bbv","success"
"2022-07-28T12:49:37.988Z",204.533453,599278677,29048,"library:ci-autosubst","pr-16203","autosubst","success"
"2022-07-28T12:49:37.974Z",246.764989,599278677,29048,"library:ci-argosy","pr-16203","argosy","success"
"2022-07-28T12:49:37.960Z",149.694657,599278677,29048,"validate:vio","pr-16203",,"success"
"2022-07-28T12:49:37.877Z",290.558375,599278677,29048,"validate:edge+flambda","pr-16203",,"success"
"2022-07-28T12:49:37.855Z",287.93723,599278677,29048,"validate:base+32bit","pr-16203",,"success"
"2022-07-28T12:49:37.842Z",307.099051,599278677,29048,"validate:base","pr-16203",,"success"
"2022-07-28T12:49:37.828Z",7321.813634,599278677,29048,"test-suite:base+async","pr-16203",,"failed"
"2022-07-28T12:49:37.815Z",2225.892646,599278677,29048,"test-suite:edge:dev","pr-16203",,"success"
"2022-07-28T12:49:37.802Z",2144.111095,599278677,29048,"test-suite:edge+flambda","pr-16203",,"success"
"2022-07-28T12:49:37.782Z",1884.89701,599278677,29048,"test-suite:base+32bit","pr-16203",,"success"
"2022-07-28T12:49:37.763Z",2417.524637,599278677,29048,"test-suite:base","pr-16203",,"success"
"2022-07-28T12:49:37.734Z",253.329358,599278677,29048,"doc:ml-api:odoc","pr-16203",,"success"
"2022-07-28T12:49:37.709Z",918.199122,599278677,29048,"doc:stdlib","pr-16203",,"success"
"2022-07-28T12:49:37.688Z",1218.045147,599278677,29048,"doc:refman-pdf","pr-16203",,"success"
"2022-07-28T12:49:37.664Z",1192.274644,599278677,29048,"doc:refman","pr-16203",,"success"
"2022-07-28T12:49:37.639Z",1287.11745,599278677,29048,"pkg:nix","pr-16203",,"success"
"2022-07-28T12:49:37.612Z",1920.581878,599278677,29048,"pkg:opam:native","pr-16203",,"success"
"2022-07-28T12:49:37.567Z",1799.755743,599278677,29048,"pkg:opam","pr-16203",,"success"
"2022-07-28T12:49:37.551Z",289.497848,599278677,29048,"lint","pr-16203",,"success"
"2022-07-28T12:49:37.535Z",1626.906258,599278677,29048,"build:vio","pr-16203",,"success"
"2022-07-28T12:49:37.517Z",5058.211201,599278677,29048,"build:base+async","pr-16203",,"success"
"2022-07-28T12:49:37.501Z",1204.458642,599278677,29048,"build:edge+flambda:dev","pr-16203",,"success"
"2022-07-28T12:49:37.485Z",1812.29504,599278677,29048,"build:edge+flambda","pr-16203",,"success"
"2022-07-28T12:49:37.474Z",1014.281712,599278677,29048,"build:base+32bit","pr-16203",,"success"
"2022-07-28T12:49:37.463Z",1029.585642,599278677,29048,"build:base","pr-16203",,"success"
"2022-07-28T09:36:35.259Z",421.461474,598946648,29047,"plugin:ci-equations","pr-16311","equations","success"
"2022-07-28T07:26:48.690Z",190.541453,598946648,29047,"plugin:ci-vscoq","pr-16311","vscoq","success"
"2022-07-28T07:26:48.678Z",847.65679,598946648,29047,"plugin:ci-rewriter","pr-16311","rewriter","success"
"2022-07-28T07:26:48.665Z",333.431011,598946648,29047,"plugin:ci-relation_algebra","pr-16311","relation_algebra","success"
"2022-07-28T07:26:48.606Z",181.157452,598946648,29047,"plugin:ci-reduction_effects","pr-16311","reduction_effects","success"
"2022-07-28T07:26:48.589Z",508.181321,598946648,29047,"plugin:ci-quickchick","pr-16311","quickchick","success"
"2022-07-28T07:26:48.133Z",366.563586,598946648,29047,"plugin:plugin-tutorial","pr-16311","plugin_tutorial","success"
"2022-07-28T07:26:47.917Z",2757.161595,598946648,29047,"plugin:ci-perennial","pr-16311","perennial","success"
"2022-07-28T07:26:47.904Z",192.875458,598946648,29047,"plugin:ci-paramcoq","pr-16311","paramcoq","success"
"2022-07-28T07:26:47.893Z",323.166756,598946648,29047,"plugin:ci-mtac2","pr-16311","mtac2","success"
"2022-07-28T07:26:47.883Z",2876.666074,598946648,29047,"plugin:ci-metacoq","pr-16311","metacoq","success"
"2022-07-28T07:26:47.873Z",213.926628,598946648,29047,"plugin:ci-lean_importer","pr-16311","lean_importer","success"
"2022-07-28T07:26:47.863Z",1020.105836,598946648,29047,"plugin:ci-fiat_parsers","pr-16311","fiat_parsers","success"
"2022-07-28T07:26:47.839Z",622.473583,598946648,29047,"plugin:ci-elpi","pr-16311","elpi","success"
"2022-07-28T07:26:47.825Z",203.71636,598946648,29047,"plugin:ci-coqhammer","pr-16311","coqhammer","success"
"2022-07-28T07:26:47.812Z",168.740382,598946648,29047,"plugin:ci-coq_dpdgraph","pr-16311","coq_dpdgraph","success"
"2022-07-28T07:26:47.802Z",298.109315,598946648,29047,"plugin:ci-bignums","pr-16311","bignums","success"
"2022-07-28T07:26:47.790Z",316.126156,598946648,29047,"plugin:ci-itauto","pr-16311","itauto","success"
"2022-07-28T07:26:47.779Z",183.946579,598946648,29047,"plugin:ci-aac_tactics","pr-16311","aac_tactics","success"
"2022-07-28T07:26:47.767Z",835.761997,598946648,29047,"library:ci-jasmin","pr-16311","jasmin","success"
"2022-07-28T07:26:47.751Z",232.142589,598946648,29047,"library:ci-mathcomp_word","pr-16311","mathcomp_word","success"
"2022-07-28T07:26:47.738Z",262.439263,598946648,29047,"library:ci-deriving","pr-16311","deriving","success"
"2022-07-28T07:26:47.728Z",4169.981188,598946648,29047,"library:ci-vst","pr-16311","vst","success"
"2022-07-28T07:26:47.719Z",1612.253449,598946648,29047,"library:ci-verdi_raft","pr-16311","verdi_raft","success"
"2022-07-28T07:26:47.710Z",8039.058595,598946648,29047,"library:ci-unimath","pr-16311","unimath","success"
"2022-07-28T07:26:47.700Z",245.649971,598946648,29047,"library:ci-tlc","pr-16311","tlc","success"
"2022-07-28T07:26:47.691Z",192.158264,598946648,29047,"library:ci-stdlib2","pr-16311","stdlib2","success"
"2022-07-28T07:26:47.681Z",463.141402,598946648,29047,"library:ci-sf","pr-16311","sf","success"
"2022-07-28T07:26:47.672Z",232.348043,598946648,29047,"library:ci-paco","pr-16311","paco","success"
"2022-07-28T07:26:47.662Z",854.065581,598946648,29047,"library:ci-analysis","pr-16311","analysis","success"
"2022-07-28T07:26:47.652Z",189.705159,598946648,29047,"library:ci-bigenough","pr-16311","bigenough","success"
"2022-07-28T07:26:47.643Z",205.884287,598946648,29047,"library:ci-finmap","pr-16311","finmap","success"
"2022-07-28T07:26:47.632Z",1058.613895,598946648,29047,"library:ci-mathcomp_base","pr-16311","mathcomp_base","success"
"2022-07-28T07:26:47.620Z",252.840303,598946648,29047,"library:ci-mczify","pr-16311","mczify","success"
"2022-07-28T07:26:47.609Z",1072.431966,598946648,29047,"library:ci-mathcomp","pr-16311","mathcomp","success"
"2022-07-28T07:26:47.598Z",472.468788,598946648,29047,"library:ci-math_classes","pr-16311","math_classes","success"
"2022-07-28T07:26:47.588Z",2358.319319,598946648,29047,"library:ci-iris","pr-16311","iris","success"
"2022-07-28T07:26:47.579Z",776.905099,598946648,29047,"library:ci-hott","pr-16311","hott","success"
"2022-07-28T07:26:47.569Z",1789.00615,598946648,29047,"library:ci-geocoq","pr-16311","geocoq","success"
"2022-07-28T07:26:47.557Z",1777.359747,598946648,29047,"library:ci-corn","pr-16311","corn","success"
"2022-07-28T07:26:47.545Z",2891.262725,598946648,29047,"library:ci-fourcolor","pr-16311","fourcolor","success"
"2022-07-28T07:26:47.535Z",1208.654957,598946648,29047,"library:ci-oddorder","pr-16311","oddorder","success"
"2022-07-28T07:26:47.524Z",256.837738,598946648,29047,"library:ci-menhir","pr-16311","menhir","success"
"2022-07-28T07:26:47.512Z",360.009539,598946648,29047,"library:ci-flocq","pr-16311","flocq","success"
"2022-07-28T07:26:47.492Z",4648.916014,598946648,29047,"library:ci-fiat_crypto_legacy","pr-16311","fiat_crypto_legacy","success"
"2022-07-28T07:26:47.477Z",5059.512213,598946648,29047,"library:ci-fiat_crypto","pr-16311","fiat_crypto","failed"
"2022-07-28T07:26:47.467Z",297.906745,598946648,29047,"library:ci-fcsl_pcm","pr-16311","fcsl_pcm","success"
"2022-07-28T07:26:47.454Z",724.870767,598946648,29047,"library:ci-engine_bench","pr-16311","engine_bench","success"
"2022-07-28T07:26:47.442Z",951.868795,598946648,29047,"library:ci-cross_crypto","pr-16311","cross_crypto","success"
"2022-07-28T07:26:47.430Z",336.574621,598946648,29047,"library:ci-coquelicot","pr-16311","coquelicot","success"
"2022-07-28T07:26:47.419Z",177.612427,598946648,29047,"library:ci-coqtail","pr-16311","coqtail","success"
"2022-07-28T07:26:47.408Z",329.110609,598946648,29047,"library:ci-coqprime","pr-16311","coqprime","success"
"2022-07-28T07:26:47.395Z",850.235709,598946648,29047,"library:ci-coq_tools","pr-16311","coq_tools","success"
"2022-07-28T07:26:47.383Z",1227.323966,598946648,29047,"library:ci-coq_performance_tests","pr-16311","coq_performance_tests","success"
"2022-07-28T07:26:47.373Z",913.959273,598946648,29047,"library:ci-compcert","pr-16311","compcert","success"
"2022-07-28T07:26:47.361Z",1222.766581,598946648,29047,"library:ci-color","pr-16311","color","success"
"2022-07-28T07:26:47.350Z",2220.177514,598946648,29047,"library:ci-category_theory","pr-16311","category_theory","success"
"2022-07-28T07:26:47.335Z",4932.721343,598946648,29047,"library:ci-bedrock2","pr-16311","bedrock2","success"
"2022-07-28T07:26:47.319Z",195.343651,598946648,29047,"library:ci-bbv","pr-16311","bbv","success"
"2022-07-28T07:26:47.309Z",188.870663,598946648,29047,"library:ci-autosubst","pr-16311","autosubst","success"
"2022-07-28T07:26:47.297Z",244.751221,598946648,29047,"library:ci-argosy","pr-16311","argosy","success"
"2022-07-28T07:26:47.287Z",153.473998,598946648,29047,"validate:vio","pr-16311",,"success"
"2022-07-28T07:26:47.274Z",283.019986,598946648,29047,"validate:edge+flambda","pr-16311",,"success"
"2022-07-28T07:26:47.262Z",279.841528,598946648,29047,"validate:base+32bit","pr-16311",,"success"
"2022-07-28T07:26:47.246Z",288.693525,598946648,29047,"validate:base","pr-16311",,"success"
"2022-07-28T07:26:47.229Z",4212.568822,598946648,29047,"test-suite:base+async","pr-16311",,"success"
"2022-07-28T07:26:47.215Z",2232.341797,598946648,29047,"test-suite:edge:dev","pr-16311",,"success"
"2022-07-28T07:26:47.200Z",2151.828307,598946648,29047,"test-suite:edge+flambda","pr-16311",,"success"
"2022-07-28T07:26:47.183Z",1786.568284,598946648,29047,"test-suite:base+32bit","pr-16311",,"success"
"2022-07-28T07:26:47.168Z",10922.202271,598946648,29047,"test-suite:base","pr-16311",,"failed"
"2022-07-28T07:26:47.158Z",252.502321,598946648,29047,"doc:ml-api:odoc","pr-16311",,"success"
"2022-07-28T07:26:47.144Z",866.22138,598946648,29047,"doc:stdlib","pr-16311",,"success"
"2022-07-28T07:26:47.131Z",1172.721785,598946648,29047,"doc:refman-pdf","pr-16311",,"success"
"2022-07-28T07:26:47.115Z",1158.603091,598946648,29047,"doc:refman","pr-16311",,"success"
"2022-07-28T07:26:47.100Z",1306.600716,598946648,29047,"pkg:nix","pr-16311",,"success"
"2022-07-28T07:26:47.081Z",1993.377106,598946648,29047,"pkg:opam:native","pr-16311",,"success"
"2022-07-28T07:26:47.065Z",1745.938457,598946648,29047,"pkg:opam","pr-16311",,"success"
"2022-07-28T07:26:47.048Z",441.425504,598946648,29047,"lint","pr-16311",,"success"
"2022-07-28T07:26:47.035Z",1605.203089,598946648,29047,"build:vio","pr-16311",,"success"
"2022-07-28T07:26:47.016Z",4821.46425,598946648,29047,"build:base+async","pr-16311",,"success"
"2022-07-28T07:26:47.000Z",1155.427316,598946648,29047,"build:edge+flambda:dev","pr-16311",,"success"
"2022-07-28T07:26:46.969Z",1887.445034,598946648,29047,"build:edge+flambda","pr-16311",,"success"
"2022-07-28T07:26:46.867Z",976.456212,598946648,29047,"build:base+32bit","pr-16311",,"success"
"2022-07-28T07:26:46.845Z",1078.75617,598946648,29047,"build:base","pr-16311",,"success"
"2022-07-28T03:36:12.621Z",171.862192,598817085,29046,"plugin:ci-vscoq","pr-16308","vscoq","success"
"2022-07-28T03:36:12.611Z",809.710515,598817085,29046,"plugin:ci-rewriter","pr-16308","rewriter","success"
"2022-07-28T03:36:12.601Z",312.135962,598817085,29046,"plugin:ci-relation_algebra","pr-16308","relation_algebra","success"
"2022-07-28T03:36:12.591Z",176.907437,598817085,29046,"plugin:ci-reduction_effects","pr-16308","reduction_effects","success"
"2022-07-28T03:36:12.580Z",531.479222,598817085,29046,"plugin:ci-quickchick","pr-16308","quickchick","success"
"2022-07-28T03:36:12.572Z",338.334434,598817085,29046,"plugin:plugin-tutorial","pr-16308","plugin_tutorial","success"
"2022-07-28T03:36:12.562Z",2464.305279,598817085,29046,"plugin:ci-perennial","pr-16308","perennial","success"
"2022-07-28T03:36:12.552Z",181.854707,598817085,29046,"plugin:ci-paramcoq","pr-16308","paramcoq","success"
"2022-07-28T03:36:12.543Z",305.068203,598817085,29046,"plugin:ci-mtac2","pr-16308","mtac2","success"
"2022-07-28T03:36:12.526Z",223.574955,598817085,29046,"plugin:ci-lean_importer","pr-16308","lean_importer","success"
"2022-07-28T03:36:12.517Z",957.284705,598817085,29046,"plugin:ci-fiat_parsers","pr-16308","fiat_parsers","success"
"2022-07-28T03:36:12.508Z",176.391227,598817085,29046,"plugin:ci-equations","pr-16308","equations","failed"
"2022-07-28T03:36:12.499Z",599.058634,598817085,29046,"plugin:ci-elpi","pr-16308","elpi","success"
"2022-07-28T03:36:12.489Z",200.39279,598817085,29046,"plugin:ci-coqhammer","pr-16308","coqhammer","success"
"2022-07-28T03:36:12.477Z",185.170109,598817085,29046,"plugin:ci-coq_dpdgraph","pr-16308","coq_dpdgraph","success"
"2022-07-28T03:36:12.466Z",300.914103,598817085,29046,"plugin:ci-bignums","pr-16308","bignums","success"
"2022-07-28T03:36:12.452Z",318.939156,598817085,29046,"plugin:ci-itauto","pr-16308","itauto","success"
"2022-07-28T03:36:12.441Z",188.694022,598817085,29046,"plugin:ci-aac_tactics","pr-16308","aac_tactics","success"
"2022-07-28T03:36:12.430Z",926.754843,598817085,29046,"library:ci-jasmin","pr-16308","jasmin","success"
"2022-07-28T03:36:12.418Z",219.566985,598817085,29046,"library:ci-mathcomp_word","pr-16308","mathcomp_word","success"
"2022-07-28T03:36:12.406Z",248.481302,598817085,29046,"library:ci-deriving","pr-16308","deriving","success"
"2022-07-28T03:36:12.395Z",3954.21961,598817085,29046,"library:ci-vst","pr-16308","vst","success"
"2022-07-28T03:36:12.381Z",1577.18283,598817085,29046,"library:ci-verdi_raft","pr-16308","verdi_raft","success"
"2022-07-28T03:36:12.370Z",7993.504257,598817085,29046,"library:ci-unimath","pr-16308","unimath","success"
"2022-07-28T03:36:12.318Z",255.106532,598817085,29046,"library:ci-tlc","pr-16308","tlc","success"
"2022-07-28T03:36:12.304Z",191.49798,598817085,29046,"library:ci-stdlib2","pr-16308","stdlib2","success"
"2022-07-28T03:36:12.288Z",479.145983,598817085,29046,"library:ci-sf","pr-16308","sf","success"
"2022-07-28T03:36:12.276Z",228.45766,598817085,29046,"library:ci-paco","pr-16308","paco","success"
"2022-07-28T03:36:12.260Z",881.798618,598817085,29046,"library:ci-analysis","pr-16308","analysis","success"
"2022-07-28T03:36:12.231Z",192.786003,598817085,29046,"library:ci-bigenough","pr-16308","bigenough","success"
"2022-07-28T03:36:12.219Z",217.874214,598817085,29046,"library:ci-finmap","pr-16308","finmap","success"
"2022-07-28T03:36:12.208Z",1132.702234,598817085,29046,"library:ci-mathcomp_base","pr-16308","mathcomp_base","success"
"2022-07-28T03:36:12.194Z",252.476874,598817085,29046,"library:ci-mczify","pr-16308","mczify","success"
"2022-07-28T03:36:12.136Z",1109.289624,598817085,29046,"library:ci-mathcomp","pr-16308","mathcomp","success"
"2022-07-28T03:36:12.123Z",468.956072,598817085,29046,"library:ci-math_classes","pr-16308","math_classes","success"
"2022-07-28T03:36:12.110Z",2332.960554,598817085,29046,"library:ci-iris","pr-16308","iris","success"
"2022-07-28T03:36:12.098Z",715.461381,598817085,29046,"library:ci-hott","pr-16308","hott","success"
"2022-07-28T03:36:12.088Z",1771.370631,598817085,29046,"library:ci-geocoq","pr-16308","geocoq","success"
"2022-07-28T03:36:12.075Z",1765.04036,598817085,29046,"library:ci-corn","pr-16308","corn","success"
"2022-07-28T03:36:12.064Z",2894.600195,598817085,29046,"library:ci-fourcolor","pr-16308","fourcolor","success"
"2022-07-28T03:36:12.052Z",1274.158659,598817085,29046,"library:ci-oddorder","pr-16308","oddorder","success"
"2022-07-28T03:36:12.041Z",279.515412,598817085,29046,"library:ci-menhir","pr-16308","menhir","success"
"2022-07-28T03:36:12.032Z",338.287474,598817085,29046,"library:ci-flocq","pr-16308","flocq","success"
"2022-07-28T03:36:12.023Z",2518.178071,598817085,29046,"library:ci-fiat_crypto_ocaml","pr-16308","fiat_crypto_ocaml","success"
"2022-07-28T03:36:12.014Z",4408.053127,598817085,29046,"library:ci-fiat_crypto_legacy","pr-16308","fiat_crypto_legacy","success"
"2022-07-28T03:36:12.004Z",9963.890121,598817085,29046,"library:ci-fiat_crypto","pr-16308","fiat_crypto","success"
"2022-07-28T03:36:11.994Z",289.109707,598817085,29046,"library:ci-fcsl_pcm","pr-16308","fcsl_pcm","success"
"2022-07-28T03:36:11.984Z",709.992694,598817085,29046,"library:ci-engine_bench","pr-16308","engine_bench","success"
"2022-07-28T03:36:11.974Z",973.082551,598817085,29046,"library:ci-cross_crypto","pr-16308","cross_crypto","success"
"2022-07-28T03:36:11.963Z",306.511185,598817085,29046,"library:ci-coquelicot","pr-16308","coquelicot","success"
"2022-07-28T03:36:11.953Z",183.608258,598817085,29046,"library:ci-coqtail","pr-16308","coqtail","success"
"2022-07-28T03:36:11.942Z",305.7809,598817085,29046,"library:ci-coqprime","pr-16308","coqprime","success"
"2022-07-28T03:36:11.930Z",865.854182,598817085,29046,"library:ci-coq_tools","pr-16308","coq_tools","success"
"2022-07-28T03:36:11.919Z",1228.533689,598817085,29046,"library:ci-coq_performance_tests","pr-16308","coq_performance_tests","success"
"2022-07-28T03:36:11.909Z",1003.866595,598817085,29046,"library:ci-compcert","pr-16308","compcert","success"
"2022-07-28T03:36:11.898Z",1221.907294,598817085,29046,"library:ci-color","pr-16308","color","success"
"2022-07-28T03:36:11.875Z",4970.674548,598817085,29046,"library:ci-bedrock2","pr-16308","bedrock2","success"
"2022-07-28T03:36:11.864Z",191.908778,598817085,29046,"library:ci-bbv","pr-16308","bbv","success"
"2022-07-28T03:36:11.854Z",191.732805,598817085,29046,"library:ci-autosubst","pr-16308","autosubst","success"
"2022-07-28T03:36:11.843Z",226.681339,598817085,29046,"library:ci-argosy","pr-16308","argosy","success"
"2022-07-28T03:36:11.833Z",147.584074,598817085,29046,"validate:vio","pr-16308",,"success"
"2022-07-28T03:36:11.823Z",286.631907,598817085,29046,"validate:edge+flambda","pr-16308",,"success"
"2022-07-28T03:36:11.813Z",279.726074,598817085,29046,"validate:base+32bit","pr-16308",,"success"
"2022-07-28T03:36:11.803Z",296.528984,598817085,29046,"validate:base","pr-16308",,"success"
"2022-07-28T03:36:11.794Z",7321.964802,598817085,29046,"test-suite:base+async","pr-16308",,"failed"
"2022-07-28T03:36:11.786Z",2121.974515,598817085,29046,"test-suite:edge:dev","pr-16308",,"success"
"2022-07-28T03:36:11.778Z",2108.135998,598817085,29046,"test-suite:edge+flambda","pr-16308",,"success"
"2022-07-28T03:36:11.769Z",1897.096593,598817085,29046,"test-suite:base+32bit","pr-16308",,"success"
"2022-07-28T03:36:11.760Z",10921.783084,598817085,29046,"test-suite:base","pr-16308",,"failed"
"2022-07-28T03:36:11.752Z",255.019708,598817085,29046,"doc:ml-api:odoc","pr-16308",,"success"
"2022-07-28T03:36:11.743Z",899.90423,598817085,29046,"doc:stdlib","pr-16308",,"success"
"2022-07-28T03:36:11.734Z",1232.408699,598817085,29046,"doc:refman-pdf","pr-16308",,"success"
"2022-07-28T03:36:11.721Z",1052.764946,598817085,29046,"doc:refman","pr-16308",,"success"
"2022-07-28T03:36:11.714Z",1297.283616,598817085,29046,"pkg:nix","pr-16308",,"success"
"2022-07-28T03:36:11.706Z",2110.875547,598817085,29046,"pkg:opam:native","pr-16308",,"success"
"2022-07-28T03:36:11.697Z",1725.987251,598817085,29046,"pkg:opam","pr-16308",,"success"
"2022-07-28T03:36:11.687Z",300.136923,598817085,29046,"lint","pr-16308",,"success"
"2022-07-28T03:36:11.676Z",1695.230948,598817085,29046,"build:vio","pr-16308",,"success"
"2022-07-28T03:36:11.667Z",4820.684524,598817085,29046,"build:base+async","pr-16308",,"success"
"2022-07-28T03:36:11.659Z",1156.14512,598817085,29046,"build:edge+flambda:dev","pr-16308",,"success"
"2022-07-28T03:36:11.649Z",1912.206004,598817085,29046,"build:edge+flambda","pr-16308",,"success"
"2022-07-28T03:36:11.640Z",951.833704,598817085,29046,"build:base+32bit","pr-16308",,"success"
"2022-07-28T03:36:11.632Z",1092.729841,598817085,29046,"build:base","pr-16308",,"success"
"2022-07-28T03:18:25.405Z",481.822627,598809896,29045,"doc:refman:deploy","master@56d54a3dea84094bbb2dda55e96db0c25f42e626",,"success"
"2022-07-28T03:18:25.394Z",187.43485,598809896,29045,"plugin:ci-vscoq","master@56d54a3dea84094bbb2dda55e96db0c25f42e626","vscoq","success"
"2022-07-28T03:18:25.384Z",805.808235,598809896,29045,"plugin:ci-rewriter","master@56d54a3dea84094bbb2dda55e96db0c25f42e626","rewriter","success"
"2022-07-28T03:18:25.374Z",337.609688,598809896,29045,"plugin:ci-relation_algebra","master@56d54a3dea84094bbb2dda55e96db0c25f42e626","relation_algebra","success"
"2022-07-28T03:18:25.364Z",179.77306,598809896,29045,"plugin:ci-reduction_effects","master@56d54a3dea84094bbb2dda55e96db0c25f42e626","reduction_effects","success"
"2022-07-28T03:18:25.356Z",538.806464,598809896,29045,"plugin:ci-quickchick","master@56d54a3dea84094bbb2dda55e96db0c25f42e626","quickchick","success"
"2022-07-28T03:18:25.348Z",346.250523,598809896,29045,"plugin:plugin-tutorial","master@56d54a3dea84094bbb2dda55e96db0c25f42e626","plugin_tutorial","success"
"2022-07-28T03:18:25.338Z",2434.225725,598809896,29045,"plugin:ci-perennial","master@56d54a3dea84094bbb2dda55e96db0c25f42e626","perennial","success"
"2022-07-28T03:18:25.329Z",193.32609,598809896,29045,"plugin:ci-paramcoq","master@56d54a3dea84094bbb2dda55e96db0c25f42e626","paramcoq","success"
"2022-07-28T03:18:25.320Z",282.461224,598809896,29045,"plugin:ci-mtac2","master@56d54a3dea84094bbb2dda55e96db0c25f42e626","mtac2","success"
"2022-07-28T03:18:25.301Z",221.398194,598809896,29045,"plugin:ci-lean_importer","master@56d54a3dea84094bbb2dda55e96db0c25f42e626","lean_importer","success"
"2022-07-28T03:18:25.291Z",1005.151035,598809896,29045,"plugin:ci-fiat_parsers","master@56d54a3dea84094bbb2dda55e96db0c25f42e626","fiat_parsers","success"
"2022-07-28T03:18:25.281Z",170.467591,598809896,29045,"plugin:ci-equations","master@56d54a3dea84094bbb2dda55e96db0c25f42e626","equations","failed"
"2022-07-28T03:18:25.270Z",646.596953,598809896,29045,"plugin:ci-elpi","master@56d54a3dea84094bbb2dda55e96db0c25f42e626","elpi","success"
"2022-07-28T03:18:25.260Z",209.708792,598809896,29045,"plugin:ci-coqhammer","master@56d54a3dea84094bbb2dda55e96db0c25f42e626","coqhammer","success"
"2022-07-28T03:18:25.248Z",176.995429,598809896,29045,"plugin:ci-coq_dpdgraph","master@56d54a3dea84094bbb2dda55e96db0c25f42e626","coq_dpdgraph","success"
"2022-07-28T03:18:25.237Z",294.068569,598809896,29045,"plugin:ci-bignums","master@56d54a3dea84094bbb2dda55e96db0c25f42e626","bignums","success"
"2022-07-28T03:18:25.227Z",303.585881,598809896,29045,"plugin:ci-itauto","master@56d54a3dea84094bbb2dda55e96db0c25f42e626","itauto","success"
"2022-07-28T03:18:25.216Z",189.792003,598809896,29045,"plugin:ci-aac_tactics","master@56d54a3dea84094bbb2dda55e96db0c25f42e626","aac_tactics","success"
"2022-07-28T03:18:25.207Z",874.354342,598809896,29045,"library:ci-jasmin","master@56d54a3dea84094bbb2dda55e96db0c25f42e626","jasmin","success"
"2022-07-28T03:18:25.198Z",225.492968,598809896,29045,"library:ci-mathcomp_word","master@56d54a3dea84094bbb2dda55e96db0c25f42e626","mathcomp_word","success"
"2022-07-28T03:18:25.187Z",244.675852,598809896,29045,"library:ci-deriving","master@56d54a3dea84094bbb2dda55e96db0c25f42e626","deriving","success"
"2022-07-28T03:18:25.177Z",4068.085536,598809896,29045,"library:ci-vst","master@56d54a3dea84094bbb2dda55e96db0c25f42e626","vst","success"
"2022-07-28T03:18:25.167Z",1590.931253,598809896,29045,"library:ci-verdi_raft","master@56d54a3dea84094bbb2dda55e96db0c25f42e626","verdi_raft","success"
